{
    "dataset_id": "3aec98fd82019162",
    "symbols": [
        "AUD_USD",
        "EUR_USD",
        "USD_JPY"
    ],
    "start_time_iso": "2024-05-22T10:00:00.000Z",
    "end_time_iso": "2024-05-22T11:00:00.000Z",
    "granularity": "S5",
    "timesteps_history": 128,
    "total_aligned_steps": 721,
    "num_features_per_symbol": 9,
    "feature_columns_ordered": [
        "ask_close_log_ret",
        "ask_high_log_ret",
        "ask_low_log_ret",
        "ask_open_log_ret",
        "bid_close_log_ret",
        "bid_high_log_ret",
        "bid_low_log_ret",
        "bid_open_log_ret",
        "volume_log"
    ],
    "raw_price_columns_ordered": [
        "bid_close",
        "ask_close"
    ]
}