{
    "dataset_id": "ac07af33368acaa9",
    "symbols": [
        "AUD_USD",
        "EUR_USD"
    ],
    "start_time_iso": "2024-05-20T10:30:00.000Z",
    "end_time_iso": "2024-05-20T10:45:00.000Z",
    "granularity": "S5",
    "timesteps_history": 128,
    "total_aligned_steps": 181,
    "num_features_per_symbol": 9,
    "feature_columns_ordered": [
        "ask_close_log_ret",
        "ask_high_log_ret",
        "ask_low_log_ret",
        "ask_open_log_ret",
        "bid_close_log_ret",
        "bid_high_log_ret",
        "bid_low_log_ret",
        "bid_open_log_ret",
        "volume_log"
    ],
    "raw_price_columns_ordered": [
        "bid_close",
        "ask_close"
    ]
}